name,salary_from,salary_to,salary_currency,area_name,published_at
Стажер-разработчик,,,,Екатеринбург,2022-12-20T21:10:06+0300
QA engiiner (тестировщик),60000.0,60000.0,RUR,Москва,2022-12-20T21:56:45+0300
Младший инженер-программист C++,,70000.0,RUR,Нижний Новгород,2022-12-20T23:09:15+0300
Агент технической поддержки,,70000.0,RUR,Москва,2022-12-20T22:16:13+0300
Руководитель строительных проектов,150000.0,300000.0,RUR,Москва,2022-12-20T21:58:03+0300
Системный администратор,60000.0,90000.0,RUR,Самара,2022-12-20T21:43:48+0300
Тестировщик,44000.0,,RUR,Уфа,2022-12-20T21:49:06+0300
Junior Разработчик C#,,80000.0,RUR,Новосибирск,2022-12-20T23:40:32+0300
Сервисный инженер,100000.0,,RUR,Санкт-Петербург,2022-12-20T22:31:42+0300
Тестировщик,80000.0,,RUR,Новосибирск,2022-12-20T21:33:18+0300
Project Manager,,,,Москва,2022-12-20T23:06:35+0300
Разработчик Android приложений,50000.0,,RUR,Вологда,2022-12-20T22:05:27+0300
Копирайтер (удалённо в Томске),50000.0,,RUR,Томск,2022-12-20T21:33:16+0300
Менеджер по открытию проектов,,,,Москва,2022-12-20T22:06:57+0300
Python разработчик (Middle),250000.0,,RUR,Москва,2022-12-20T21:56:51+0300
QA-инженер \ QA-engineer,60000.0,100000.0,RUR,Барнаул,2022-12-20T21:48:55+0300
SEO по продвижению сайтов / SEO-специалист,70000.0,,RUR,Москва,2022-12-20T22:53:56+0300
ML-специалист (Junior),1000.0,2000.0,USD,Санкт-Петербург,2022-12-20T22:05:17+0300
Специалист технической поддержки,40000.0,,RUR,Ижевск,2022-12-20T22:44:39+0300
Специалист по внедрению и сопровождению ПО,35000.0,45000.0,RUR,Саранск,2022-12-20T21:32:01+0300
Junior Product Manager,,,,Москва,2022-12-20T22:55:55+0300
DevOps,80000.0,100000.0,RUR,Москва,2022-12-20T21:43:10+0300
Мастер по ремонту компьютерной техники и оборудования для майнинга,1500.0,,BYR,Минск,2022-12-20T22:29:54+0300
Помощник WEB программиста,50000.0,,RUR,Вологда,2022-12-20T22:00:26+0300
"Product-менеджер (мобильные приложения, сайты)",,,,Москва,2022-12-20T21:21:05+0300
Frontend-разработчик,40000.0,,RUR,Омск,2022-12-20T22:48:51+0300
Руководитель проекта в стартап,70000.0,150000.0,RUR,Москва,2022-12-20T23:13:53+0300
Программист 1C,50000.0,60000.0,RUR,Саранск,2022-12-20T21:25:11+0300
"DevOps инженер(удаленно, гибрид)",,,,Москва,2022-12-20T23:26:52+0300
Системный администратор,80000.0,120000.0,RUR,Москва,2022-12-20T22:43:07+0300
3D artist (gamedev),,,,Москва,2022-12-20T21:55:47+0300
Разработчик Android приложений,40000.0,,RUR,Вологда,2022-12-20T21:52:33+0300
Специалист технической поддержки,40000.0,,RUR,Тамбов,2022-12-20T22:44:39+0300
Engineering manager (Serbia),5000.0,,USD,Москва,2022-12-20T22:04:46+0300
Инсталлятор,45000.0,50000.0,RUR,Волжский (Волгоградская область),2022-12-20T22:27:47+0300
Технический специалист,70000.0,,RUR,Екатеринбург,2022-12-20T22:09:14+0300
Специалист технической поддержки,40000.0,,RUR,Санкт-Петербург,2022-12-20T22:44:39+0300
Инженер технической поддержки,50000.0,75000.0,RUR,Санкт-Петербург,2022-12-20T23:54:27+0300
Системный аналитик\Бизнес аналитик,150000.0,250000.0,RUR,Санкт-Петербург,2022-12-20T22:47:48+0300
Стажер/Аналитик 1С,40000.0,70000.0,RUR,Москва,2022-12-20T21:17:16+0300
Удаленный Проектный менеджер в ИТ сфере,50000.0,,RUR,Самара,2022-12-20T22:44:55+0300
Менеджер IT-проектов,,,,Новосибирск,2022-12-20T23:42:00+0300
Помощник WEB программиста,50000.0,,RUR,Вологда,2022-12-20T21:51:10+0300
Product менеджер junior/стажер,,,,Москва,2022-12-20T22:59:03+0300
WEB программист,100000.0,,RUR,Вологда,2022-12-20T21:43:03+0300
Разработчик Vue.js (удаленно),,,,Москва,2022-12-20T23:58:22+0300
Техник по подключению новых абонентов,30000.0,40000.0,RUR,Красный Кут,2022-12-20T22:27:49+0300
Программист микроконтроллеров,100000.0,,RUR,Москва,2022-12-20T23:50:59+0300
Менеджер документооборота и логистики,50000.0,55000.0,RUR,Люберцы,2022-12-20T22:24:20+0300
Главный аналитик платежных систем,,,,Москва,2022-12-20T21:16:04+0300
Разработчик IOS (удаленно),,,,Ростов-на-Дону,2022-12-20T21:00:40+0300
API разработчик (Python),,150000.0,RUR,Санкт-Петербург,2022-12-20T22:55:53+0300
Токарь-универсал,60000.0,,RUR,Рязань,2022-12-20T22:23:29+0300
РНР-разработчик (удалённо),,,,Турция,2022-12-20T22:47:46+0300
Моушн-дизайнер / Motion designer,40000.0,,RUR,Ставрополь,2022-12-20T23:21:21+0300
Оператор систем видеонаблюдения,28000.0,40000.0,RUR,Хабаровск,2022-12-20T22:27:40+0300
Разработчик IOS (удаленно),,,,Воронеж,2022-12-20T21:00:18+0300
Консультант 1С,,,,Санкт-Петербург,2022-12-20T21:39:12+0300
Разработчик IOS (удаленно),,,,Нижний Новгород,2022-12-20T21:01:06+0300
"Data Scientist (СV, NLP)",150000.0,250000.0,RUR,Москва,2022-12-20T21:55:08+0300
Backend-разработчик Django DRF Python,100000.0,200000.0,RUR,Москва,2022-12-20T21:45:42+0300
Техник по эксплуатации,50000.0,60000.0,RUR,Москва,2022-12-20T21:16:19+0300
Ведущий разработчик С#,,,,Москва,2022-12-20T21:00:58+0300
Microsoft Cloud Engineer (Microsoft 365/Azure),1000.0,2000.0,USD,Минск,2022-12-20T23:38:52+0300
Инженер АСУТП,,,,Орел,2022-12-20T21:47:05+0300
Ruby developer,,,,Тверь,2022-12-20T22:31:32+0300
Оператор станков с ЧПУ,60000.0,,RUR,Пермь,2022-12-20T22:48:48+0300
Верстальщик-дизайнер,50000.0,50000.0,RUR,Москва,2022-12-20T23:32:12+0300
Креативщик - Криэйтор - motion designer,40000.0,70000.0,RUR,Москва,2022-12-20T23:25:25+0300
Техник по подключению интернета,45000.0,,RUR,Лобаново (Пермский край),2022-12-20T22:27:48+0300
Engineering manager (Serbia),5000.0,,USD,Санкт-Петербург,2022-12-20T22:04:46+0300
Сервисный Инженер слаботочных систем,80000.0,100000.0,RUR,Чехов,2022-12-20T22:48:14+0300
Manual QA Engineer,,,,Армения,2022-12-20T21:49:11+0300
Инсталлятор,50000.0,,RUR,Орловский,2022-12-20T22:27:49+0300
Клиентский разработчик C# (социальный сервис ДругВокруг),,,,Москва,2022-12-20T22:15:37+0300
Установщик интернет оборудования,50000.0,,RUR,Орловский,2022-12-20T22:27:49+0300
Инсталлятор,45000.0,50000.0,RUR,Волгоград,2022-12-20T22:27:49+0300
Техник по подключению интернета,50000.0,,RUR,Аксай (Ростовская область),2022-12-20T22:27:48+0300
Middle backend web-developer (remote),,,,Москва,2022-12-20T21:13:43+0300
IT-менеджер,110000.0,,RUR,Москва,2022-12-20T23:05:49+0300
Руководитель проектов CRM/Campaign,,,,Москва,2022-12-20T22:12:15+0300
Техник по подключению новых абонентов,63000.0,75000.0,RUR,Екатеринбург,2022-12-20T22:27:49+0300
Middle Разработчик C#,130000.0,225000.0,RUR,Новосибирск,2022-12-20T23:27:40+0300
Инженер поддержки ПО,150000.0,180000.0,RUR,Москва,2022-12-20T21:16:30+0300
"Специалист по внедрению amoCRM / Администратор CRM (онлайн, удаленно)",,,,Москва,2022-12-20T21:27:27+0300
Установщик интернет оборудования,50000.0,,RUR,Зимовники,2022-12-20T22:27:49+0300
Сетевой инженер,150000.0,,RUR,Москва,2022-12-20T21:36:21+0300
Системный администратор Linux,85000.0,,RUR,Москва,2022-12-20T22:00:17+0300
Специалист-переводчик по локализации сайтов (удаленно),40000.0,,RUR,Турция,2022-12-20T21:34:21+0300
Установщик интернет-оборудования,30000.0,40000.0,RUR,"Степное (Саратовская область, Советский район)",2022-12-20T22:27:49+0300
Product UI/UX Designer,,,,Армения,2022-12-20T22:32:50+0300
"Ученик мастера по обслуживанию домофонов, систем контроля доступа, видеонаблюдения",50000.0,,RUR,Москва,2022-12-20T22:25:40+0300
Установщик интернет оборудования,30000.0,35000.0,RUR,Радищево (Ульяновская область),2022-12-20T22:27:49+0300
Инженер по БДД,,,,Москва,2022-12-20T21:58:48+0300
Токарь-универсал,60000.0,,RUR,Пермь,2022-12-20T22:48:33+0300
Сервисный инженер слаботочных систем,80000.0,100000.0,RUR,Москва,2022-12-20T22:48:16+0300
Руководитель проектов,120000.0,250000.0,RUR,Москва,2022-12-20T22:28:01+0300
Solution архитектор (SberData),,,,Москва,2022-12-20T21:34:13+0300
Установщик интернет оборудования,40000.0,50000.0,RUR,Благовещенск (Амурская область),2022-12-20T22:27:49+0300
Техник по подключению новых абонентов,40000.0,50000.0,RUR,Тольятти,2022-12-20T22:27:49+0300
"Senior Front End Developer, USA",,,,Новосибирск,2022-12-20T21:55:22+0300
Администратор ИТ проектов,,,,Москва,2022-12-20T23:16:24+0300
Сервисный Инженер слаботочных систем,80000.0,100000.0,RUR,Серпухов,2022-12-20T22:48:14+0300
Монтажник слаботочных систем,45000.0,,RUR,Калининград,2022-12-20T22:27:48+0300
Копирайтер (digital; CRM-маркетинг),50000.0,70000.0,RUR,Москва,2022-12-20T21:57:26+0300
Техник по подключению абонентов,40000.0,,RUR,Горячий Ключ,2022-12-20T22:27:48+0300
Руководитель направления Региональный контакт-центр,,,,Севастополь,2022-12-20T23:00:06+0300
Инженер по обслуживанию торгового оборудования (кофейного),45000.0,60000.0,RUR,Тверь,2022-12-20T22:27:41+0300
Инженер-программист C/C++,350000.0,750000.0,KZT,Алматы,2022-12-20T22:06:56+0300
Сервисный Инженер слаботочных систем,80000.0,100000.0,RUR,Обнинск,2022-12-20T22:48:14+0300
Сервисный инженер (обслуживание и ремонт спецтехники),120000.0,,RUR,Курган,2022-12-20T22:11:58+0300
Техник по подключению новых абонентов,40000.0,,RUR,Гатчина,2022-12-20T22:27:49+0300
Дежурный инженер (Администратор Linux),,,,Москва,2022-12-20T22:51:36+0300
Техник по подключению интернета,35000.0,,RUR,Можга,2022-12-20T22:27:48+0300
Инженер АСУТП,,,,Ефремов,2022-12-20T21:46:20+0300
Техник по подключению новых абонентов,60000.0,,RUR,Пыть-Ях,2022-12-20T22:27:47+0300
Системный администратор Linux,85000.0,,RUR,Санкт-Петербург,2022-12-20T22:00:17+0300
Дизайнер мебельного цеха,60000.0,,RUR,Владимир,2022-12-20T21:36:22+0300
Установщик интернет оборудования,30000.0,35000.0,RUR,Беслан,2022-12-20T22:27:48+0300
Токарь-фрезеровщик,60000.0,80000.0,RUR,Обнинск,2022-12-20T22:58:01+0300
"Менеджер проектов по направлению ""Оборудование для переработки полимеров""",,,,Санкт-Петербург,2022-12-20T21:10:55+0300
Сервисный инженер (обслуживание и ремонт спецтехники),120000.0,,RUR,Оренбург,2022-12-20T22:11:58+0300
Монтажник слаботочных систем в Ростелеком,45000.0,,RUR,Чайковский,2022-12-20T22:27:49+0300
Установщик интернет оборудования,50000.0,,RUR,Чебоксары,2022-12-20T22:27:48+0300
Middle Python Developer,2000.0,4000.0,USD,Москва,2022-12-20T22:49:47+0300
Механик,80000.0,90000.0,RUR,Холмск,2022-12-20T23:59:26+0300
Приёмщик заказав на Ремонт Компьютеров/Бытовой техники,25000.0,,RUR,Иваново (Ивановская область),2022-12-20T22:16:55+0300
Сетевой инженер,60000.0,70000.0,RUR,Москва,2022-12-20T21:14:01+0300
Техник по подключению интернета,35000.0,,RUR,Сергиевск,2022-12-20T22:27:49+0300
Инженер АСУТП,,,,Калуга,2022-12-20T21:47:14+0300
Product UI/UX Designer,,,,Астана,2022-12-20T21:39:58+0300
Установщик интернет оборудования,30000.0,35000.0,RUR,Новоспасское (Ульяновская область),2022-12-20T22:27:48+0300
Менеджер IT-проектов,,,,Краснодар,2022-12-20T21:26:23+0300
Монтажник слаботочных систем в Ростелеком,45000.0,,RUR,Соликамск,2022-12-20T22:27:48+0300
Графический дизайнер,45000.0,60000.0,RUR,Москва,2022-12-20T21:10:05+0300
Техник по подключению абонентов,35000.0,,RUR,Зеленокумск,2022-12-20T22:27:48+0300
Товарный аналитик,70000.0,,RUR,Москва,2022-12-20T22:48:44+0300
Монтажник слаботочных систем,40000.0,50000.0,RUR,Кировск (Ленинградская область),2022-12-20T22:27:48+0300
Ученик мастера по ремонту газовых котлов и бойлеров,150000.0,230000.0,RUR,Москва,2022-12-20T21:41:21+0300
Разработчик Python (Middle),180000.0,220000.0,RUR,Москва,2022-12-20T21:16:51+0300
Техник по подключению абонентов,40000.0,,RUR,Пятигорск,2022-12-20T22:27:49+0300
Ведущий дизайнер,,,,Казань,2022-12-20T22:20:23+0300
Установщик интернет оборудования,40000.0,60000.0,RUR,Набережные Челны,2022-12-20T22:27:48+0300
Инженер АСУТП,,,,Саранск,2022-12-20T21:47:18+0300
Техник по подключению интернета,50000.0,,RUR,Киров (Кировская область),2022-12-20T22:27:48+0300
Product Manager (Neuro),,,,Москва,2022-12-20T23:03:05+0300
Механик,60000.0,90000.0,RUR,Санкт-Петербург,2022-12-20T21:20:01+0300
Техник по подключению интернета,35000.0,,RUR,Кинель,2022-12-20T22:27:48+0300
Инсталлятор,32000.0,,RUR,Магнитогорск,2022-12-20T22:27:48+0300
Техник по подключению новых абонентов,30000.0,35000.0,RUR,Магнитогорск,2022-12-20T22:27:48+0300
Инженер АСУТП,,,,Новомосковск (Тульская область),2022-12-20T21:47:11+0300
Инженер АСУТП,,,,Тамбов,2022-12-20T21:47:00+0300
Монтажник слаботочных систем,68000.0,,RUR,Воркута,2022-12-20T22:27:47+0300
Руководитель ремонтной службы грузовых автомобилей,90000.0,,RUR,Екатеринбург,2022-12-20T21:36:23+0300
Техник по подключению интернета,30000.0,,RUR,Волжск,2022-12-20T22:27:49+0300
Product UI/UX Designer,,,,Алматы,2022-12-20T21:39:58+0300
Монтажник слаботочных систем,45000.0,,RUR,Березники,2022-12-20T22:27:49+0300
Монтажник слаботочных систем,35000.0,,RUR,Ухта,2022-12-20T22:27:48+0300
Системный администратор,,,,Курск,2022-12-20T22:02:28+0300
Руководитель по бизнес-процессам,,,,Майкоп,2022-12-20T21:49:28+0300
Инженер-монтажник,50000.0,90000.0,RUR,Казань,2022-12-20T22:48:52+0300
Монтажник слаботочных систем в Ростелеком,25000.0,,RUR,Ломоносов,2022-12-20T22:27:49+0300
Аналитик-экономист,70000.0,,RUR,Казань,2022-12-20T23:57:48+0300
Инсталлятор,45000.0,60000.0,RUR,Ванино,2022-12-20T22:27:48+0300
Инженер АСУТП,,,,Нижний Новгород,2022-12-20T21:47:22+0300
Администратор серверов приложений,,,,Москва,2022-12-20T22:50:34+0300
Сервисный инженер,60000.0,,RUR,Москва,2022-12-20T22:48:33+0300
Техник по подключению интернета,50000.0,70000.0,RUR,Апатиты,2022-12-20T22:27:48+0300
Javascript разработчик веб приложения для отрисовки схем,,,,Москва,2022-12-20T21:36:35+0300
Специалист отдела клиентского сервиса,,80000.0,RUR,Москва,2022-12-20T22:05:42+0300
Техник по подключению новых абонентов,60000.0,,RUR,Северодвинск,2022-12-20T22:27:47+0300
Директор e-commerce,180000.0,,RUR,Химки,2022-12-20T21:46:07+0300
Монтажник слаботочных систем,45000.0,,RUR,Вологда,2022-12-20T22:27:49+0300
Техник по подключению интернета в Ростелеком,35000.0,40000.0,RUR,Челябинск,2022-12-20T22:27:48+0300
Linux Administrator / DevOps,130000.0,,RUR,Санкт-Петербург,2022-12-20T22:09:32+0300
Механик швейного оборудования,55000.0,90000.0,RUR,Санкт-Петербург,2022-12-20T22:50:16+0300
Техник по подключению интернета,45000.0,50000.0,RUR,Ростов-на-Дону,2022-12-20T22:27:48+0300
Дизайнер-технолог,35000.0,40000.0,RUR,Екатеринбург,2022-12-20T22:48:35+0300
Монтажник слаботочных систем,45000.0,,RUR,Владимир,2022-12-20T22:05:48+0300
Программист-разработчик 1С,,200000.0,RUR,Москва,2022-12-20T21:33:24+0300
Директор e-commerce,180000.0,,RUR,Москва,2022-12-20T21:45:29+0300
Fullstack (PHP/Javascript) Developer,1400.0,3700.0,EUR,Астана,2022-12-20T22:40:40+0300
Директор e-commerce,180000.0,,RUR,Зеленоград,2022-12-20T21:46:29+0300
Техник по подключению новых абонентов,30000.0,,RUR,Миасс,2022-12-20T22:27:48+0300
Установщик интернет оборудования,40000.0,,RUR,Комсомольск-на-Амуре,2022-12-20T22:27:48+0300
Senior PHP Developer,,,,Минск,2022-12-20T23:19:43+0300
Инженер технической поддержки (ПО IIKO),70000.0,120000.0,RUR,Москва,2022-12-20T22:05:48+0300
Сервисный Инженер слаботочных систем,80000.0,100000.0,RUR,Одинцово,2022-12-20T22:48:14+0300
Программист 1С,150000.0,,RUR,Москва,2022-12-20T22:27:40+0300
Установщик интернет оборудования,40000.0,50000.0,RUR,Сарапул,2022-12-20T22:27:48+0300
Монтажник слаботочных систем в Ростелеком,30000.0,75000.0,RUR,Пермь,2022-12-20T22:27:48+0300
Сервисный инженер (обслуживание и ремонт спецтехники),120000.0,,RUR,Тюмень,2022-12-20T22:11:58+0300
Главный Дизайнер / Руководитель отдела дизайна женской одежды,170000.0,,RUR,Москва,2022-12-20T21:19:30+0300
Сервисный инженер,80000.0,110000.0,RUR,Москва,2022-12-20T22:48:40+0300
Web-программист middle (Битрикс)/SEO оптимизатор,50000.0,,RUR,Пермь,2022-12-20T23:18:13+0300
Инженер по информационной безопасности,,140000.0,RUR,Москва,2022-12-20T22:57:04+0300
Старший программист 1С,,,,Алматы,2022-12-20T21:12:47+0300
Технический архитектор/программист php,100000.0,120000.0,RUR,Москва,2022-12-20T23:37:03+0300
Инженер АСУТП,,,,Воронеж,2022-12-20T21:46:03+0300
Установщик интернет оборудования в Ростелеком,45000.0,60000.0,RUR,Ванино,2022-12-20T22:27:49+0300
Программист 1C,220000.0,220000.0,RUR,Москва,2022-12-20T22:48:41+0300
Руководитель отдела аналитики продукта,,,,Москва,2022-12-20T23:01:11+0300
"Backend PHP developer (senior, remote)",180000.0,300000.0,RUR,Санкт-Петербург,2022-12-20T21:08:18+0300
Сервисный инженер по монтажу и ремонту станков лазерной резки,150000.0,,RUR,Москва,2022-12-20T21:54:40+0300
Токарь-универсал (4-5 разряда),80000.0,,RUR,Санкт-Петербург,2022-12-20T23:49:24+0300
Инженер-программист встроенных систем (Embedded Software Engineer),,,,Санкт-Петербург,2022-12-20T22:38:59+0300
Автоматизатор тестирования - Ведущий QA Инженер,,,,Москва,2022-12-20T22:14:04+0300
Product manager (Lightning protection),,,,Санкт-Петербург,2022-12-20T23:12:08+0300
DevOps-инженер (DevOps engineer),,,,Санкт-Петербург,2022-12-20T22:33:59+0300
Разработчик / Middle Developer Backend (NODE.JS)  - РАБОТА В ОФИСЕ!,100000.0,120000.0,RUR,Екатеринбург,2022-12-20T22:48:48+0300
Инсталлятор,45000.0,60000.0,RUR,Свободный,2022-12-20T22:27:49+0300
Старший Java-разработчик,,,,Москва,2022-12-20T22:09:01+0300
Консультант 1С по бюджетному учету,80000.0,,RUR,Москва,2022-12-20T21:08:05+0300
Руководитель отдела разработки,,,,Москва,2022-12-20T22:44:31+0300
Младший менеджер по продажам оборудования,,,,Санкт-Петербург,2022-12-20T21:10:57+0300
Монтажник слаботочных систем,30000.0,50000.0,RUR,Череповец,2022-12-20T22:27:47+0300
DevOps engineer,3000.0,,EUR,Москва,2022-12-20T22:49:30+0300
Инженер-программист (IDE developer),,,,Санкт-Петербург,2022-12-20T22:44:31+0300
IOS разработчик (Senior),,,,Москва,2022-12-20T21:26:48+0300
PHP-разработчик,,,,Краснодар,2022-12-20T21:16:51+0300
"Разработчик low-code СRM / BPM решений со знанием SQL (продуктовая ИТ-компания, удалённо)",50000.0,90000.0,RUR,Москва,2022-12-20T22:15:17+0300
Product-manager/Специалист по закупкам компьютерной техники,,,,Минск,2022-12-20T21:04:29+0300
Principal of Drama (screenwriter),,,,Армения,2022-12-20T22:40:44+0300
Инженер-верификатор (RTL verification engineer),,,,Санкт-Петербург,2022-12-20T22:36:25+0300
Инженер-программист (тестирование процессорных ядер),,,,Санкт-Петербург,2022-12-20T22:41:43+0300
Tech Lead продукта Audiogram (MTS AI),,,,Москва,2022-12-20T23:55:57+0300
Principal of Drama (screenwriter),,,,Алматы,2022-12-20T21:30:01+0300
Backend php senior developer,120000.0,150000.0,RUR,Москва,2022-12-20T21:45:55+0300
Principal of Drama (screenwriter),,,,Астана,2022-12-20T21:30:01+0300
Специалист по внедрению IT-продукта,,,,Пенза,2022-12-20T21:36:21+0300
Инженер-верификатор (RTL verification engineer),,,,Москва,2022-12-20T22:37:08+0300
